INSERT INTO `semaine` VALUES (3,32,NULL),(4,32,NULL),(5,32,NULL),(6,32,NULL),(7,32,NULL),(8,32,NULL),(9,0,'vacances'),(10,32,NULL),(11,32,NULL),(12,32,NULL),(13,32,NULL),(14,32,NULL),(15,30,NULL);

INSERT INTO `enseignant` VALUES ('bvozel','servicesENSSAT','Vozel','Benoit','titulaire',192,1,0),('dguennec','servicesENSSAT','Guennec','David','contractuel',192,1,0),('fgoasdoue','servicesENSSAT','Goasdoue','François','titulaire',192,1,0),('glecorve','servicesENSSAT','Lecorvé','Gwénolé','titulaire',192,1,0),('hjaudoin','servicesENSSAT','Jaudoin','Hélène','titulaire',192,1,0),('jpettier','servicesENSSAT','Pettier','Jean-Christophe','titulaire',192,1,0),('kabbaci','servicesENSSAT','Abbaci','Katia','contractuel',192,1,0),('nestibal','servicesENSSAT','Extibal','Nicolas','contractuel',192,1,0),('opivert','servicesENSSAT','Pivert','Olivier','titulaire',192,1,0),('pbosc','servicesENSSAT','Bosc','Patrick','titulaire',192,1,0),('pcrepieux','servicesENSSAT','Crepieux','Pierre','vacataire',192,1,0),('vbarreaud','servicesENSSAT','Barreaud','Vincent','titulaire',192,1,0),('vthion','servicesENSSAT','Thion','Virginie','titulaire',192,1,0);

INSERT INTO `module` VALUES ('ALGOC1','TC','S1','Algorithmique et language C1','fgoasdoue'),('ALGOC2','LSI1','S1','Algorithmique et language C 2',NULL),('BD','LSI1','S2','Bases de données',NULL),('DOO','LSI1','S2','Développement Orienté Objet',NULL),('FONDSE','LSI1','S2','Fondement des Systèmes d\'Exploitation',NULL),('INTROSE','LSI1','S1','Introduction aux systèmes d\'exploitatiob','jpettier'),('JavaIHM','LSI2','S1','Java Interfaces graphiques',NULL),('MDD','LSI1','S1','Modèle de données','hjaudoin'),('PROGWEB','LSI1','S2','Programmation Web',NULL),('RESIMREII','commun IMR1 et EII2','S1','Réseaux IMR1 et EII2',NULL),('SAR','LSI3','S1','Systèmes et algorithmes répartis',NULL),('SCOL','Tous','Tous','Pavés bloqués par la scolarité',NULL),('SDD','LSI1','S2','Structures de données',NULL),('UML','LSI2','S1','Méthode de conception UML/RUP','hjaudoin'),('UnixP','LSI1','S2','Unix programmation',NULL),('UnixU','LSI1','S1','Unix utilisation','glecorve'),('XML','LSI2','S2','Langages XML et XSLT','vthion');

INSERT INTO `contenumodule` VALUES ('ALGOC1','CM','CM',14,22,'fgoasdoue'),('ALGOC1','TD 1','TD',14,14,'fgoasdoue'),('ALGOC1','TD 2','TD',14,14,'kabbaci'),('ALGOC1','TD 3','TD',14,14,'nestibal'),('ALGOC1','TP 1','TP',18,18,'fgoasdoue'),('ALGOC1','TP 2','TP',18,18,NULL),('ALGOC1','TP 3','TP',18,18,NULL),('ALGOC1','TP 4','TP',18,18,NULL),('ALGOC1','TP 5','TP',18,18,NULL),('ALGOC2','CM','CM',10,15,'fgoasdoue'),('ALGOC2','TD','TD',6,6,NULL),('ALGOC2','TP 1','TP',14,14,NULL),('ALGOC2','TP 2','TP',14,14,'kabbaci'),('BD','CM','CM',18,27,'opivert'),('BD','TD','TD',16,16,NULL),('BD','TP 1','TP',20,20,NULL),('BD','TP 2','TP',20,20,NULL),('DOO','CM','CM',16,24,NULL),('DOO','TD','TD',8,8,NULL),('DOO','TP 1','TP',18,18,NULL),('DOO','TP 2','TP',18,18,NULL),('FONDSE','CM','CM',30,30,NULL),('FONDSE','TD','TD',10,10,NULL),('INTROSE','CM partie 1','CM',15,15,'jpettier'),('INTROSE','CM partie 2','CM',4,6,'jpettier'),('JavaIHM','CM','CM',12,18,'vthion'),('JavaIHM','TP','TP',24,24,'vthion'),('MDD','CM','CM',12,18,'hjaudoin'),('MDD','TD','TD',8,8,'hjaudoin'),('RESIMREII','CM partie 1','CM',6,10,'fgoasdoue'),('RESIMREII','CM partie 2','CM',6,10,NULL),('RESIMREII','TD EII2','TD',10,10,'fgoasdoue'),('RESIMREII','TD IMR1','TD',10,10,NULL),('SAR','CM','CM',9,12,'vbarreaud'),('SAR','TP partie 1','TP',10,10,'vbarreaud'),('SAR','TP partie 2','TP',10,10,NULL),('SCOL','SCOL','SCOL',4,4,NULL),('SDD','CM','CM',22,33,'hjaudoin'),('SDD','TD','TD',20,20,'hjaudoin'),('SDD','TP 1','TP',22,22,NULL),('SDD','TP 2','TP',22,22,NULL),('UML','CM','CM',10,15,NULL),('UML','Projet','Projet',8,8,NULL),('UML','TD','TD',6,6,NULL),('UML','TP','TP',4,4,NULL),('UnixP','CM','CM',6,9,'vthion'),('UnixP','TP 1','TP',18,18,'vthion'),('UnixP','TP 2','TP',18,18,'kabbaci'),('UnixU','CM','CM',2,3,'kabbaci'),('UnixU','TP 1','TP',18,18,NULL),('UnixU','TP 2','TP',18,18,'hjaudoin');

INSERT INTO `affectationsemaine` VALUES ('ALGOC1','CM',4,6,NULL),('ALGOC1','CM',5,2,NULL),('ALGOC1','CM',6,2,NULL),('ALGOC1','CM',8,2,NULL),('ALGOC1','CM',11,2,NULL),('BD','CM',7,6,NULL),('BD','TP 1',4,20,NULL),('BD','TP 2',4,6,NULL),('DOO','CM',10,10,NULL);



